Agency,AgencyFull,Country,Total,FirstHalf,SecondHalf,SubSector,Sector,AgencyType,Ccode
UNOPS ,UNOPS United Nations Office for Project Services,Serbia,960000,768000,192000,Shelter and Infrastructure,Shelter and NFIs,UN,Serbia
CARE International,CARE International,Serbia,120000,120000,0,Shelter and Infrastructure,Shelter and NFIs,INGO,Serbia
Mercy Corps,Mercy Corps,Serbia,906406,453203,453203,Shelter and Infrastructure,Shelter and NFIs,INGO,Serbia
IOM ,IOM International Ogranization for Migration,Serbia,800000,400000,400000,Shelter and Infrastructure,Shelter and NFIs,IOM,Serbia
UNHCR ,UNHCR United Nations High Commissioner for Refugees,Serbia,2700000,1350000,1350000,Shelter and Infrastructure,Shelter and NFIs,UN,Serbia
SOS Children's Villages Serbia,SOS Children's Villages Serbia,Serbia,339950,203950,136000,NFIs,Shelter and NFIs,NGO,Serbia
ADRA ,ADRA Adventist Development and Relief Agency,Serbia,300000,150000,150000,NFIs,Shelter and NFIs,INGO,Serbia
Foundation Ana and Vlade Divac,Foundation Ana and Vlade Divac,Serbia,616228,308114,308114,NFIs,Shelter and NFIs,NGO,Serbia
SCI ,SCI Save the Children,Serbia,1990000,995000,995000,NFIs,Shelter and NFIs,INGO,Serbia
UNICEF ,UNICEF United Nations Children's Fund  ,Serbia,900000,600000,300000,NFIs,Shelter and NFIs,UN,Serbia
DRC,DRC Danish Refugee Council,Serbia,77000,54000,23000,NFIs,Shelter and NFIs,INGO,Serbia
Help-Hilfe ,Help-Hilfe zur Selbsthilfe e. V.,Serbia,515000,515000,0,NFIs,Shelter and NFIs,INGO,Serbia
OXFAM,OXFAM,Serbia,1200000,630000,570000,NFIs,Shelter and NFIs,INGO,Serbia
Arche Nova,Arche Nova,Serbia,136000,68000,68000,NFIs,Shelter and NFIs,INGO,Serbia
CARE International,CARE International,Serbia,210000,105000,105000,NFIs,Shelter and NFIs,INGO,Serbia
UNHCR ,UNHCR United Nations High Commissioner for Refugees,Serbia,600000,300000,300000,NFIs,Shelter and NFIs,UN,Serbia
Foundation Ana and Vlade Divac,Foundation Ana and Vlade Divac,Serbia,173246,86623,86623,WASH,WASH,NGO,Serbia
IMC ,IMC International Medical Corps,Serbia,800000,400000,400000,WASH,WASH,INGO,Serbia
DRC,DRC Danish Refugee Council,Serbia,173000,125000,48000,WASH,WASH,INGO,Serbia
Arche Nova,Arche Nova,Serbia,239000,119500,119500,WASH,WASH,INGO,Serbia
CARE International,CARE International,Serbia,230000,115000,115000,WASH,WASH,INGO,Serbia
UNHCR ,UNHCR United Nations High Commissioner for Refugees,Serbia,800000,400000,400000,WASH,WASH,UN,Serbia
CARE International,CARE International,Serbia,320000,160000,160000,Food,Food,INGO,Serbia
UNHCR ,UNHCR United Nations High Commissioner for Refugees,Serbia,1300000,650000,650000,Food,Food,UN,Serbia
INTERSOS,INTERSOS,Serbia,280000,140000,140000,Protection,Protection,INGO,Serbia
BCHR,BCHR,Serbia,30000,15000,15000,Protection,Protection,NGO,Serbia
ADRA ,ADRA Adventist Development and Relief Agency,Serbia,500000,250000,250000,Protection,Protection,INGO,Serbia
HCIT,HCIT,Serbia,140000,60000,80000,Protection,Protection,NGO,Serbia
UNICEF ,UNICEF United Nations Children's Fund  ,Serbia,1240000,620000,620000,Protection,Protection,NGO,Serbia
DRC,DRC Danish Refugee Council,Serbia,455100,222600,232500,Protection,Protection,NGO,Serbia
UN Women,UN Women,Serbia,569600,287800,281800,Protection,Protection,UN,Serbia
IRC ,IRC International Rescue Committee,Serbia,1200000,600000,600000,Protection,Protection,INGO,Serbia
SCI ,SCI Save the Children,Serbia,780000,140000,640000,Protection,Protection,INGO,Serbia
UNHCR ,UNHCR United Nations High Commissioner for Refugees,Serbia,3536663,1768331,1768331,Protection,Protection,UN,Serbia
IOM ,IOM International Ogranization for Migration,Serbia,1410000,755000,655000,Protection,Protection,IOM,Serbia
DRC,DRC Danish Refugee Council,Serbia,84000,44000,40000,Health,Health and Nutrition,INGO,Serbia
Help-Hilfe ,Help-Hilfe zur Selbsthilfe e. V.,Serbia,482000,354000,128000,Health,Health and Nutrition,INGO,Serbia
Children and Youth Support Organisation,Children and Youth Support Organisation,Serbia,260000,130000,130000,Health,Health and Nutrition,NGO,Serbia
UNICEF ,UNICEF United Nations Children's Fund  ,Serbia,700000,400000,300000,Health,Health and Nutrition,UN,Serbia
IMC ,IMC International Medical Corps,Serbia,1921934,998467,923467,Health,Health and Nutrition,INGO,Serbia
UNFPA ,UNFPA United Nations Population Fund,Serbia,500000,250000,250000,Health,Health and Nutrition,UN,Serbia
UNHCR ,UNHCR United Nations High Commissioner for Refugees,Serbia,400000,200000,200000,Health,Health and Nutrition,UN,Serbia
UNHCR ,UNHCR United Nations High Commissioner for Refugees,Serbia,1800000,900000,900000,Logistics and Transport,"Logistics, Transport, Telecommunications",UN,Serbia
IOM ,IOM International Ogranization for Migration,Serbia,260000,130000,130000,Logistics and Transport,"Logistics, Transport, Telecommunications",IOM,Serbia
UNICEF ,UNICEF United Nations Children's Fund  ,Serbia,780000,420000,360000,Education,Education,UN,Serbia
ADRA ,ADRA Adventist Development and Relief Agency,Serbia,40000,20000,20000,Operational Support,Operational Support,INGO,Serbia
Foundation Ana and Vlade Divac,Foundation Ana and Vlade Divac,Serbia,110000,55000,55000,Operational Support,Operational Support,NGO,Serbia
SCI ,SCI Save the Children,Serbia,975000,400000,575000,Operational Support,Operational Support,INGO,Serbia
UNICEF ,UNICEF United Nations Children's Fund  ,Serbia,545000,280000,265000,Operational Support,Operational Support,UN,Serbia
DRC,DRC Danish Refugee Council,Serbia,264400,142200,122200,Operational Support,Operational Support,INGO,Serbia
UNOPS ,UNOPS United Nations Office for Project Services,Serbia,40000,32000,8000,Operational Support,Operational Support,UN,Serbia
Mercy Corps,Mercy Corps,Serbia,138634,69317,69317,Operational Support,Operational Support,INGO,Serbia
Help-Hilfe ,Help-Hilfe zur Selbsthilfe e. V.,Serbia,113000,100000,13000,Operational Support,Operational Support,INGO,Serbia
IMC ,IMC International Medical Corps,Serbia,804636,402318,402318,Operational Support,Operational Support,INGO,Serbia
OXFAM,OXFAM,Serbia,300000,150000,150000,Operational Support,Operational Support,INGO,Serbia
CARE International,CARE International,Serbia,220000,110000,110000,Operational Support,Operational Support,INGO,Serbia
Arche Nova,Arche Nova,Serbia,100000,50000,50000,Operational Support,Operational Support,INGO,Serbia
Children and Youth Support Organisation,Children and Youth Support Organisation,Serbia,80000,40000,40000,Operational Support,Operational Support,NGO,Serbia
UNFPA ,UNFPA United Nations Population Fund,Serbia,40000,20000,20000,Operational Support,Operational Support,UN,Serbia
UNHCR ,UNHCR United Nations High Commissioner for Refugees,Serbia,779566,389783,389783,Operational Support,Operational Support,UN,Serbia
IOM ,IOM International Ogranization for Migration,Serbia,450000,240000,210000,Operational Support,Operational Support,IOM,Serbia
UN Women,UN Women,Serbia,45568,23024,22544,Operational Support,Operational Support,UN,Serbia
SOS Children's Villages Serbia,SOS Children's Villages Serbia,Serbia,14200,8500,5700,Operational Support,Operational Support,INGO,Serbia
IRC ,IRC International Rescue Committee,Serbia,300000,150000,150000,Operational Support,Operational Support,INGO,Serbia
INTERSOS,INTERSOS,Serbia,80000,40000,40000,Operational Support,Operational Support,INGO,Serbia
BCHR,BCHR,Serbia,24000,12000,12000,Operational Support,Operational Support,NGO,Serbia
ADRA ,ADRA Adventist Development and Relief Agency,Serbia,100000,50000,50000,Operational Support,Operational Support,NGO,Serbia
HCIT,HCIT,Serbia,100000,40000,60000,Operational Support,Operational Support,NGO,Serbia
ActionAid,ActionAid,Greece,1842700,633735,1208965,Protection,Protection,INGO,Greece
ARSIS,ARSIS,Greece,679572,260397,419175,Child Protection,Protection,NGO,Greece
ARSIS,ARSIS,Greece,140040,59460,80580,Cultural mediation,Education,NGO,Greece
ARSIS,ARSIS,Greece,42869,14290,28580,Food,Food,NGO,Greece
ARSIS,ARSIS,Greece,101616,25404,76212,Nutrition,Health and Nutrition,NGO,Greece
ARSIS,ARSIS,Greece,123992,49305,74687,Telecommunications,"Logistics, Transport, Telecommunications",NGO,Greece
ARSIS,ARSIS,Greece,741160,359875,381285,Shelter,Shelter and NFIs,NGO,Greece
ARSIS,ARSIS,Greece,682635,256514,426121,Operational Support,Operational Support,NGO,Greece
Caritas Athens,Caritas Athens,Greece,55752,29211,26541,Protection,Protection,NGO,Greece
Caritas Athens,Caritas Athens,Greece,52107,28422,23685,Food,Food,NGO,Greece
Caritas Athens,Caritas Athens,Greece,19109,9555,9555,Nutrition,Health and Nutrition,NGO,Greece
Caritas Athens,Caritas Athens,Greece,46502,46502,0,NFI,Shelter and NFIs,NGO,Greece
Caritas Athens,Caritas Athens,Greece,31377,31377,0,Hygiene kits,WASH,NGO,Greece
Caritas Athens,Caritas Athens,Greece,159240,89313,69927,Operational Support,Operational Support,NGO,Greece
Caritas Hellas,Caritas Hellas,Greece,40997,20498,20498,Child Protection,Protection,NGO,Greece
Caritas Hellas,Caritas Hellas,Greece,93600,46800,46800,Food,Food,NGO,Greece
Caritas Hellas,Caritas Hellas,Greece,68112,34056,34056,Supply chain,"Logistics, Transport, Telecommunications",NGO,Greece
Caritas Hellas,Caritas Hellas,Greece,806382,403191,403191,NFI,Shelter and NFIs,NGO,Greece
Caritas Hellas,Caritas Hellas,Greece,144709,72355,72355,Wash,WASH,NGO,Greece
Caritas Hellas,Caritas Hellas,Greece,78696,39348,39348,Operational Support,Operational Support,NGO,Greece
Human Appeal,Human Appeal,Greece,535000,267500,267500,Protection,Protection,INGO,Greece
Human Appeal,Human Appeal,Greece,1701500,850750,850750,Food,Food,INGO,Greece
Human Appeal,Human Appeal,Greece,785800,392900,392900,Health,Health and Nutrition,INGO,Greece
IMC ,IMC International Medical Corps,Greece,233888,116944,116944,SGBV,Protection,INGO,Greece
IMC ,IMC International Medical Corps,Greece,2339686,1169843,1169843,Health,Health and Nutrition,INGO,Greece
IMC ,IMC International Medical Corps,Greece,1486918,743459,743459,NFI,Shelter and NFIs,INGO,Greece
IMC ,IMC International Medical Corps,Greece,464162,232081,232081,Operational Support,Operational Support,INGO,Greece
Internews,Internews,Greece,1404245,468435,935810,Communication with Communities,Protection,INGO,Greece
IOM ,IOM International Ogranization for Migration,Greece,4800000,2400000,2400000,Protection,Protection,IOM,Greece
IOM ,IOM International Ogranization for Migration,Greece,300000,150000,150000,Psychosocial support,Health and Nutrition,IOM,Greece
IOM ,IOM International Ogranization for Migration,Greece,4000000,2200000,1800000,Transport,"Logistics, Transport, Telecommunications",IOM,Greece
IOM ,IOM International Ogranization for Migration,Greece,7300000,3650000,3650000,Camp management,Shelter and NFIs,IOM,Greece
IOM ,IOM International Ogranization for Migration,Greece,1148000,588000,560000,Operational Support,Operational Support,IOM,Greece
IRC ,IRC International Rescue Committee,Greece,4230000,2115000,2115000,Protection,Protection,INGO,Greece
IRC ,IRC International Rescue Committee,Greece,5400000,2700000,2700000,Transport,"Logistics, Transport, Telecommunications",INGO,Greece
IRC ,IRC International Rescue Committee,Greece,2545000,1272500,1272500,Shelter,Shelter and NFIs,INGO,Greece
IRC ,IRC International Rescue Committee,Greece,2050000,1025000,1025000,WASH,WASH,INGO,Greece
IRC ,IRC International Rescue Committee,Greece,1800000,900000,900000,Operational Support,Operational Support,INGO,Greece
ISRAAID,ISRAAID,Greece,400456,200228,200228,Psychosocial support,Protection,INGO,Greece
ISRAAID,ISRAAID,Greece,80076,40038,40038,Operational Support,Operational Support,INGO,Greece
KSPM-ERP,KSPM-ERP,Greece,168042,84021,84021,Protection,Protection,NGO,Greece
Mercy Corps,Mercy Corps,Greece,382380,382380,,Protection,Protection,INGO,Greece
Mercy Corps,Mercy Corps,Greece,1136725,1136725,,Food,Food,INGO,Greece
Mercy Corps,Mercy Corps,Greece,57000,57000,0,Transport,"Logistics, Transport, Telecommunications",INGO,Greece
Mercy Corps,Mercy Corps,Greece,875733,875733,,Shelter grants ,Shelter and NFIs,INGO,Greece
Mercy Corps,Mercy Corps,Greece,761966,761966,,Operational Support,Operational Support,INGO,Greece
NOSTOS,NOSTOS,Greece,216000,96000,120000,Community Services,Protection,NGO,Greece
NOSTOS,NOSTOS,Greece,264000,96000,168000,Education,Education,NGO,Greece
NOSTOS,NOSTOS,Greece,540000,180000,360000,Food,Food,NGO,Greece
NOSTOS,NOSTOS,Greece,210000,80000,130000,Operational Support,Operational Support,NGO,Greece
OXFAM,OXFAM,Greece,126984,63492,63492,SGBV,Protection,INGO,Greece
OXFAM,OXFAM,Greece,899470,529100,370370,Food,Food,INGO,Greece
OXFAM,OXFAM,Greece,38094,19047,19047,Transport,"Logistics, Transport, Telecommunications",INGO,Greece
OXFAM,OXFAM,Greece,1904762,952381,952381,NFI,Shelter and NFIs,INGO,Greece
OXFAM,OXFAM,Greece,529100,264550,264550,WASH,WASH,INGO,Greece
OXFAM,OXFAM,Greece,687830,343915,343915,Operational Support,Operational Support,INGO,Greece
PRAKSIS,PRAKSIS,Greece,3336000,990000,2346000,Child Protection,Protection,NGO,Greece
PRAKSIS,PRAKSIS,Greece,6560000,3280000,3280000,Food,Food,NGO,Greece
PRAKSIS,PRAKSIS,Greece,2083900,915950,1167950,Health,Health and Nutrition,NGO,Greece
PRAKSIS,PRAKSIS,Greece,200000,100000,100000,Operational Support,Operational Support,NGO,Greece
SCI ,SCI Save the Children,Greece,3596400,1853200,1743200,Child Protection,Protection,INGO,Greece
SCI ,SCI Save the Children,Greece,3396520,1523260,1873260,Food,Food,INGO,Greece
SCI ,SCI Save the Children,Greece,852000,426000,426000,Nutrition,Health and Nutrition,INGO,Greece
SCI ,SCI Save the Children,Greece,1200000,600000,600000,Transport,"Logistics, Transport, Telecommunications",INGO,Greece
SCI ,SCI Save the Children,Greece,3876395,1886769,1989626,Operational Support,Operational Support,INGO,Greece
Solidarity Now,Solidarity Now,Greece,227000,169000,58000,Protection,Protection,NGO,Greece
Solidarity Now,Solidarity Now,Greece,360000,280000,80000,Communication with Communities,Protection,NGO,Greece
Solidarity Now,Solidarity Now,Greece,548000,381000,167000,Shelter,Shelter and NFIs,NGO,Greece
Solidarity Now,Solidarity Now,Greece,107000,68000,39000,Operational Support,Operational Support,NGO,Greece
MDM Medecins du Monde,MDM Medecins du Monde,Greece,7407757,4444654,2963103,Health,Health and Nutrition,NGO,Greece
UNHCR ,UNHCR United Nations High Commissioner for Refugees,Greece,17600750,8800375,8800375,Protection,Protection,UN,Greece
UNHCR ,UNHCR United Nations High Commissioner for Refugees,Greece,99763777,49881888,49881888,Shelter and Infrastructure,Shelter and NFIs,UN,Greece
UNHCR ,UNHCR United Nations High Commissioner for Refugees,Greece,15568752,7784376,7784376,NFIs,Shelter and NFIs,UN,Greece
UNHCR ,UNHCR United Nations High Commissioner for Refugees,Greece,857983,428992,428992,WASH,WASH,UN,Greece
UNHCR ,UNHCR United Nations High Commissioner for Refugees,Greece,2271173,1135586,1135586,Health,Health and Nutrition,UN,Greece
UNHCR ,UNHCR United Nations High Commissioner for Refugees,Greece,7231574,3615787,3615787,Logistics and Transport,"Logistics, Transport, Telecommunications",UN,Greece
UNHCR ,UNHCR United Nations High Commissioner for Refugees,Greece,13702749,6851375,6851375,Operational Support,Operational Support,UN,Greece
UNICEF ,UNICEF United Nations Children's Fund  ,Greece,113500,63500,50000,Health,Health and Nutrition,UN,Greece
UNICEF ,UNICEF United Nations Children's Fund  ,Greece,700000,350000,350000,Education,Education,UN,Greece
UNICEF ,UNICEF United Nations Children's Fund  ,Greece,740000,660000,80000,Wash,WASH,UN,Greece
UNICEF ,UNICEF United Nations Children's Fund  ,Greece,170000,170000,,Production of information ,Protection,UN,Greece
UNICEF ,UNICEF United Nations Children's Fund  ,Greece,1950000,1300000,650000,Child Protection,Protection,UN,Greece
UNICEF ,UNICEF United Nations Children's Fund  ,Greece,3092000,1303500,1788500,Operational Support,Operational Support,UN,Greece
Volunteer Center Slavonski Brod,Volunteer Center Slavonski Brod,Croatia,32000,16500,15500,Protection,Protection,NGO,Croatia
Croatian Red Cross,Croatian Red Cross,Croatia,1931000,1158600,772400,Protection,Protection,NGO,Croatia
Croatian Red Cross,Croatian Red Cross,Croatia,366000,219600,146400,Food,Food,NGO,Croatia
Croatian Red Cross,Croatian Red Cross,Croatia,35000,21000,14000,Health ,Health and Nutrition,NGO,Croatia
Croatian Red Cross,Croatian Red Cross,Croatia,1706000,1023600,682400,Logistics and Transport,"Logistics, Transport, Telecommunications",NGO,Croatia
Croatian Red Cross,Croatian Red Cross,Croatia,4865000,2919000,1946000,Shelter and Infrastructure,Shelter and NFIs,NGO,Croatia
Croatian Red Cross,Croatian Red Cross,Croatia,2867000,1720200,1146800,WASH,WASH,NGO,Croatia
Croatian Red Cross,Croatian Red Cross,Croatia,765000,382500,382500,Operational Support,Operational Support,NGO,Croatia
SCI ,SCI Save the Children,Croatia,95688,47844,47844,Protection,Protection,INGO,Croatia
SCI ,SCI Save the Children,Croatia,701056,420634,280422,Health ,Health and Nutrition,INGO,Croatia
SCI ,SCI Save the Children,Croatia,436798,261478,175320,Shelter and Infrastructure,Shelter and NFIs,INGO,Croatia
SCI ,SCI Save the Children,Croatia,370062,218986,151076,Operational Support,Operational Support,INGO,Croatia
JRS ,JRS Jesuit Refugee Services,Croatia,187920,69084,118836,Protection,Protection,INGO,Croatia
Samaritan Purse,Samaritan Purse,Croatia,6739801,3676600,3063201,NFIs,Shelter and NFIs,INGO,Croatia
Samaritan Purse,Samaritan Purse,Croatia,3235107,1926141,1308966,WASH,WASH,INGO,Croatia
Samaritan Purse,Samaritan Purse,Croatia,1124532,605336,519196,Operational Support,Operational Support,INGO,Croatia
Information Legal Center,Information Legal Center,Croatia,68000,34000,34000,Protection,Protection,NGO,Croatia
Croatian Law Center,Croatian Law Center,Croatia,86540,51080,35460,Protection,Protection,NGO,Croatia
CARE International,CARE International,Croatia,41100,20550,20550,Protection,Protection,INGO,Croatia
CARE International,CARE International,Croatia,252400,76320,176080,Health,Health and Nutrition,INGO,Croatia
CARE International,CARE International,Croatia,171000,85500,85500,Shelter and Infrastructure,Shelter and NFIs,INGO,Croatia
CARE International,CARE International,Croatia,24000,12000,12000,WASH,WASH,INGO,Croatia
CARE International,CARE International,Croatia,143550,54710,88840,Operational Support,Operational Support,INGO,Croatia
ADRA ,ADRA Adventist Development and Relief Agency,Croatia,850000,400000,450000,Protection,Protection,INGO,Croatia
ADRA ,ADRA Adventist Development and Relief Agency,Croatia,850000,400000,450000,Operational Support,Operational Support,INGO,Croatia
ADRA ,ADRA Adventist Development and Relief Agency,Croatia,85000,40000,45000,Protection,Protection,INGO,Croatia
UNICEF ,UNICEF United Nations Children's Fund  ,Croatia,1200000,600000,600000,Shelter and Infrastructure,Shelter and NFIs,UN,Croatia
UNICEF ,UNICEF United Nations Children's Fund  ,Croatia,900000,450000,450000,Protection,Protection,UN,Croatia
UNICEF ,UNICEF United Nations Children's Fund  ,Croatia,900000,450000,450000,Health,Health and Nutrition,UN,Croatia
UNICEF ,UNICEF United Nations Children's Fund  ,Croatia,420000,210000,210000,Operational Support,Operational Support,UN,Croatia
WHO ,WHO World Health Organization,Croatia,800000,400000,400000,Health,Health and Nutrition,UN,Croatia
WHO ,WHO World Health Organization,Croatia,104000,52000,52000,Operational Support,Operational Support,UN,Croatia
IOM ,IOM International Ogranization for Migration,Croatia,1750000,875000,875000,Protection,Protection,IOM,Croatia
IOM ,IOM International Ogranization for Migration,Croatia,1250000,625000,625000,Health,Health and Nutrition,IOM,Croatia
IOM ,IOM International Ogranization for Migration,Croatia,1000000,500000,500000,Logistics and Transport,"Logistics, Transport, Telecommunications",IOM,Croatia
IOM ,IOM International Ogranization for Migration,Croatia,1230000,615000,615000,Shelter and Infrastructure,Shelter and NFIs,IOM,Croatia
UNHCR ,UNHCR United Nations High Commissioner for Refugees,Croatia,1211066,626947,584119,Protection,Protection,UN,Croatia
UNHCR ,UNHCR United Nations High Commissioner for Refugees,Croatia,1554700,795046,759654,Shelter and Infrastructure,Shelter and NFIs,UN,Croatia
UNHCR ,UNHCR United Nations High Commissioner for Refugees,Croatia,305096,152548,152548,Operational Support,Operational Support,UN,Croatia
UNHCR ,UNHCR United Nations High Commissioner for Refugees,Turkey,3409778,1704889,1704889,Protection,Protection,UN,Turkey
UNHCR ,UNHCR United Nations High Commissioner for Refugees,Turkey,1715900,857950,857950,NFIs,Shelter and NFIs,UN,Turkey
IOM ,IOM International Ogranization for Migration,Turkey,12750000,8750000,4000000,Protection,Protection,IOM,Turkey
IOM ,IOM International Ogranization for Migration,Turkey,2000000,1000000,1000000,Health,Health and Nutrition,IOM,Turkey
IOM ,IOM International Ogranization for Migration,Turkey,10000000,5000000,5000000,NFIs,Shelter and NFIs,IOM,Turkey
UNICEF ,UNICEF United Nations Children's Fund  ,Turkey,1500000,750000,750000,Child Protection,Protection,UN,Turkey
UNICEF ,UNICEF United Nations Children's Fund  ,Turkey,1000000,500000,500000,NFIs,Shelter and NFIs,UN,Turkey
WHO ,WHO World Health Organization,Turkey,2000000,750000,1250000,Health,Health and Nutrition,UN,Turkey
UNFPA ,UNFPA United Nations Population Fund,Turkey,400000,200000,200000,SGBV Programmes,Protection,UN,Turkey
UNFPA ,UNFPA United Nations Population Fund,Turkey,600000,300000,300000,Health,Health and Nutrition,UN,Turkey
UNFPA ,UNFPA United Nations Population Fund,Turkey,1000000,500000,500000,NFIs,Shelter and NFIs,UN,Turkey
UN Women,UN Women,Turkey,264600,106920,157680,Protection,Protection,UN,Turkey
GIZ ,GIZ Gesellschaft für Internationale Zusammenarbeit,Serbia,64400,32200,32200,Support to local communities,Local Community Support,IGO,Serbia
GIZ ,GIZ Gesellschaft für Internationale Zusammenarbeit,Serbia,5600,2800,2800,Operational Support (local community support),Operational Support,IGO,Serbia
Foundation Ana and Vlade Divac,Foundation Ana and Vlade Divac,Serbia,184000,92000,92000,Support to local communities,Local Community Support,NGO,Serbia
Foundation Ana and Vlade Divac,Foundation Ana and Vlade Divac,Serbia,16000,8000,8000,Operational Support (local community support),Operational Support,NGO,Serbia
Standing conference of Towns and Municipalities,Standing conference of Towns and Municipalities,Serbia,402000,195000,207000,Support to local communities,Local Community Support,NGO,Serbia
Standing conference of Towns and Municipalities,Standing conference of Towns and Municipalities,Serbia,48000,30000,18000,Operational Support (local community support),Operational Support,NGO,Serbia
DRC,DRC Danish Refugee Council,Serbia,73600,73600,0,Support to local communities,Local Community Support,INGO,Serbia
DRC,DRC Danish Refugee Council,Serbia,6400,6400,0,Operational Support (local community support),Operational Support,INGO,Serbia
UN Women,UN Women,Serbia,170200,87400,82800,Support to local communities,Local Community Support,UN,Serbia
UN Women,UN Women,Serbia,14800,7600,7200,Operational Support (local community support),Operational Support,UN,Serbia
UNOPS ,UNOPS United Nations Office for Project Services,Serbia,2116000,1058000,1058000,Support to local communities,Local Community Support,UN,Serbia
UNOPS ,UNOPS United Nations Office for Project Services,Serbia,184000,92000,92000,Operational Support (local community support),Operational Support,UN,Serbia
UNDP ,UNDP United Nations Development Programme,Serbia,2116000,1058000,1058000,Support to local communities,Local Community Support,UN,Serbia
UNDP ,UNDP United Nations Development Programme,Serbia,184000,92000,92000,Operational Support (local community support),Operational Support,UN,Serbia
WHO ,WHO World Health Organization,fYR Macedonia,650000,374500,275500,Health,Health and Nutrition,UN,Macedonia
OHCHR ,OHCHR Office of the High Commissioner for Human Rights,fYR Macedonia,60000,30000,30000,Protection,Protection,UN,Macedonia
UNICEF ,UNICEF United Nations Children's Fund  ,fYR Macedonia,1850000,925000,925000,Child Protection,Protection,UN,Macedonia
UNICEF ,UNICEF United Nations Children's Fund  ,fYR Macedonia,1600000,800000,800000,Health,Health and Nutrition,UN,Macedonia
UNICEF ,UNICEF United Nations Children's Fund  ,fYR Macedonia,1575000,1050000,525000,Shelter and Infrastructure,Shelter and NFIs,UN,Macedonia
UNICEF ,UNICEF United Nations Children's Fund  ,fYR Macedonia,1700000,900000,800000,WASH,WASH,UN,Macedonia
UNICEF ,UNICEF United Nations Children's Fund  ,fYR Macedonia,200000,100000,100000,HQ Costs,Operational Support,UN,Macedonia
UNFPA ,UNFPA United Nations Population Fund,fYR Macedonia,257000,100000,157000,SGBV,Protection,UN,Macedonia
UNFPA ,UNFPA United Nations Population Fund,fYR Macedonia,402000,200000,202000,Health,Health and Nutrition,UN,Macedonia
UNFPA ,UNFPA United Nations Population Fund,fYR Macedonia,216000,108000,108000,Hygiene,WASH,UN,Macedonia
MYLA ,MYLA ,fYR Macedonia,125091,54833,70258,Protection,Protection,NGO,Macedonia
GIZ ,GIZ Gesellschaft für Internationale Zusammenarbeit,fYR Macedonia,424316,0,0,Waste Disposal,WASH,INGO,Macedonia
GIZ ,GIZ Gesellschaft für Internationale Zusammenarbeit,fYR Macedonia,424316,0,0,Protection,Protection,INGO,Macedonia
DRC,DRC Danish Refugee Council,fYR Macedonia,15000,0,0,Protection,Protection,INGO,Macedonia
DRC,DRC Danish Refugee Council,fYR Macedonia,120000,0,0,NFIs,Shelter and NFIs,INGO,Macedonia
DRC,DRC Danish Refugee Council,fYR Macedonia,35000,0,0,Hygiene,WASH,INGO,Macedonia
DRC,DRC Danish Refugee Council,fYR Macedonia,30000,0,0,Operational Support,Operational Support,INGO,Macedonia
Dorcas,Dorcas,fYR Macedonia,1260000,630000,630000,Food Distribution,Food,INGO,Macedonia
Legis,Legis,fYR Macedonia,920000,460000,460000,Food Distribution,Food,NGO,Macedonia
Legis,Legis,fYR Macedonia,500000,250000,250000,NFIs,Shelter and NFIs,NGO,Macedonia
Legis,Legis,fYR Macedonia,360000,180000,180000,Hygiene,WASH,NGO,Macedonia
Legis,Legis,fYR Macedonia,64000,32000,32000,HQ Costs,Operational Support,NGO,Macedonia
AGAPE,AGAPE,fYR Macedonia,547500,273750,273750,Food Distribution,Food,INGO,Macedonia
UN Women,UN Women,fYR Macedonia,315600,147600,168000,SGBV,Protection,UN,Macedonia
UN Women,UN Women,fYR Macedonia,26248,11808,14440,Operational Support,Operational Support,UN,Macedonia
Operation Mercy,Operation Mercy,fYR Macedonia,21166,21166,0,Food Distribution,Food,NGO,Macedonia
Operation Mercy,Operation Mercy,fYR Macedonia,26453,26453,0,NFIs,Shelter and NFIs,NGO,Macedonia
Operation Mercy,Operation Mercy,fYR Macedonia,37041,37041,0,Infrastructure,Operational Support,NGO,Macedonia
Arbeiter Samariter Bund Deutschland e.V./PREDA Plus,Arbeiter Samariter Bund Deutschland e.V./PREDA Plus,fYR Macedonia,211850,105925,105925,Food Distribution,Food,INGO,Macedonia
Nun Kultura,Nun Kultura,fYR Macedonia,1261975,630988,630988,Food Distribution,Food,NGO,Macedonia
Nun Kultura,Nun Kultura,fYR Macedonia,374300,187150,187150,NFIs,Shelter and NFIs,NGO,Macedonia
Nun Kultura,Nun Kultura,fYR Macedonia,108000,54000,54000,Hygiene,WASH,NGO,Macedonia
La Strada,La Strada,fYR Macedonia,500000,250000,250000,Protection,Protection,INGO,Macedonia
La Strada,La Strada,fYR Macedonia,150000,75000,75000,NFIs,Shelter and NFIs,INGO,Macedonia
La Strada,La Strada,fYR Macedonia,60000,30000,30000,Hygiene,WASH,INGO,Macedonia
La Strada,La Strada,fYR Macedonia,150000,75000,75000,Food Distribution,Food,INGO,Macedonia
La Strada,La Strada,fYR Macedonia,140000,70000,70000,Operational Support,Operational Support,INGO,Macedonia
ADRA ,ADRA Adventist Development and Relief Agency,fYR Macedonia,138680,80000,58680,Protection,Protection,INGO,Macedonia
ADRA ,ADRA Adventist Development and Relief Agency,fYR Macedonia,345740,172870,172870,Food Distribution,Food,INGO,Macedonia
Mercy Corps,Mercy Corps,fYR Macedonia,497700,323700,174000,Protection,Protection,INGO,Macedonia
Mercy Corps,Mercy Corps,fYR Macedonia,583425,379225,204200,Shelter and NFIs,Shelter and NFIs,INGO,Macedonia
Mercy Corps,Mercy Corps,fYR Macedonia,162214,105439,56775,Operational Support,Operational Support,INGO,Macedonia
UNHCR ,UNHCR United Nations High Commissioner for Refugees,fYR Macedonia,246080,123040,123040,Protection,Protection,UN,Macedonia
Macedonian Red Cross,Macedonian Red Cross,fYR Macedonia,750000,400000,350000,Food Distribution,Food,NGO,Macedonia
Macedonian Red Cross,Macedonian Red Cross,fYR Macedonia,400000,250000,150000,Health,Health and Nutrition,NGO,Macedonia
Macedonian Red Cross,Macedonian Red Cross,fYR Macedonia,500000,250000,250000,NFIs,Shelter and NFIs,NGO,Macedonia
Macedonian Red Cross,Macedonian Red Cross,fYR Macedonia,350000,200000,150000,Hygiene,WASH,NGO,Macedonia
Macedonian Red Cross,Macedonian Red Cross,fYR Macedonia,140000,75000,65000,Operational Support,Operational Support,NGO,Macedonia
IOM ,IOM International Ogranization for Migration,fYR Macedonia,2517460,1006984,1510476,Protection,Protection,IOM,Macedonia
IOM ,IOM International Ogranization for Migration,fYR Macedonia,211640,211640,0,Health,Health and Nutrition,IOM,Macedonia
IOM ,IOM International Ogranization for Migration,fYR Macedonia,535000,535000,0,Shelter,Shelter and NFIs,IOM,Macedonia
IOM ,IOM International Ogranization for Migration,fYR Macedonia,125000,125000,0,Health,WASH,IOM,Macedonia
Catholic Relief Services,Catholic Relief Services,fYR Macedonia,17000,8500,8500,Protection,Protection,INGO,Macedonia
Catholic Relief Services,Catholic Relief Services,fYR Macedonia,40000,20000,20000,Food Distribution,Food,INGO,Macedonia
Catholic Relief Services,Catholic Relief Services,fYR Macedonia,400000,200000,200000,NFIs,Shelter and NFIs,INGO,Macedonia
Catholic Relief Services,Catholic Relief Services,fYR Macedonia,10000,5000,5000,WASH,WASH,INGO,Macedonia
Macedonian Center for International Cooperation,Macedonian Center for International Cooperation,fYR Macedonia,200000,100000,100000,Shelter and Infrastructure,Shelter and NFIs,NGO,Macedonia
Macedonian Center for International Cooperation,Macedonian Center for International Cooperation,fYR Macedonia,200000,50000,150000,Sanitation,WASH,NGO,Macedonia
Macedonian Center for International Cooperation,Macedonian Center for International Cooperation,fYR Macedonia,100000,50000,50000,Overhead costs,Operational Support,NGO,Macedonia
UNDP ,UNDP United Nations Development Programme,fYR Macedonia,5200000,2700000,2500000,Livelihoods/Host Community Resilience,Local Community Support,UN,Macedonia
UNHCR ,UNHCR United Nations High Commissioner for Refugees,fYR Macedonia,1195059,597530,597530,Operational Support,Operational Support,UN,Macedonia
UNHCR ,UNHCR United Nations High Commissioner for Refugees,fYR Macedonia,1100000,550000,550000,Shelter and NFIs,Shelter and NFIs,UN,Macedonia
UNHCR ,UNHCR United Nations High Commissioner for Refugees,fYR Macedonia,811910,405955,405955,WASH,WASH,UN,Macedonia
UNHCR ,UNHCR United Nations High Commissioner for Refugees,fYR Macedonia,1159603,579801,579801,Health and Nutrition,Health and Nutrition,UN,Macedonia
UNHCR ,UNHCR United Nations High Commissioner for Refugees,fYR Macedonia,710000,355000,355000,Food,Food,UN,Macedonia
UNHCR ,UNHCR United Nations High Commissioner for Refugees,fYR Macedonia,3777379,1888690,1888690,Protection,Protection,UN,Macedonia
ADRA ,ADRA Adventist Development and Relief Agency,Slovenia ,2000,1000,1000,Protection,Protection,INGO,Slovenia
ADRA ,ADRA Adventist Development and Relief Agency,Slovenia ,112464,42973,69491,Health and Nutrition,Health and Nutrition,INGO,Slovenia
ADRA ,ADRA Adventist Development and Relief Agency,Slovenia ,748198,382765,365433,Shelter and NFIs,Shelter and NFIs,INGO,Slovenia
ADRA ,ADRA Adventist Development and Relief Agency,Slovenia ,4096,2048,2048,Logistics and Transport,"Logistics, Transport, Telecommunications",INGO,Slovenia
ADRA ,ADRA Adventist Development and Relief Agency,Slovenia ,64846,26006,38840,Operational Support,Operational Support,INGO,Slovenia
Association Hope Jesenice/Institute Abraham,Association Hope Jesenice/Institute Abraham,Slovenia ,259259,152910,106349,Health and Nutrition,Health and Nutrition,NGO,Slovenia
EHO-Podpornica with HIA,Podpornica Evangelical Humanitarian Organisation with (HIA) Hungarian Interchurch Aid,Slovenia ,112169,56084,56084,Protection,Protection,NGO,Slovenia
EHO-Podpornica with HIA,Podpornica Evangelical Humanitarian Organisation with (HIA) Hungarian Interchurch Aid,Slovenia ,14814,8456,6349,Education,Education,NGO,Slovenia
EHO-Podpornica with HIA,Podpornica Evangelical Humanitarian Organisation with (HIA) Hungarian Interchurch Aid,Slovenia ,177777,101587," 76 ,190 ",Health and Nutrition,Health and Nutrition,NGO,Slovenia
EHO-Podpornica with HIA,Podpornica Evangelical Humanitarian Organisation with (HIA) Hungarian Interchurch Aid,Slovenia ,35978,35978,0,Shelter and NFIs,Shelter and NFIs,NGO,Slovenia
EHO-Podpornica with HIA,Podpornica Evangelical Humanitarian Organisation with (HIA) Hungarian Interchurch Aid,Slovenia ,55661,31222,24338,Logistics and Transport,"Logistics, Transport, Telecommunications",NGO,Slovenia
EHO-Podpornica with HIA,Podpornica Evangelical Humanitarian Organisation with (HIA) Hungarian Interchurch Aid,Slovenia ,66030,43279,22750,Operational Support,Operational Support,NGO,Slovenia
PIC,PIC,Slovenia ,638000,357000,281000,Protection,Protection,NGO,Slovenia
Peace Institute,Peace Institute,Slovenia ,50000,25000,25000,Protection,Protection,INGO,Slovenia
SLOGA ,SLOGA Slovenian Development and Humanitarian NGO Platform,Slovenia ,169000,82000,87000,Operational Support,Operational Support,NGO,Slovenia
Caritas Slovenia ,Caritas Slovenia ,Slovenia ,200000,200000,0,Protection,Protection,INGO,Slovenia
Caritas Slovenia ,Caritas Slovenia ,Slovenia ,725000,725000,0,Health and Nutrition,Health and Nutrition,INGO,Slovenia
Caritas Slovenia ,Caritas Slovenia ,Slovenia ,150000,150000,0,Shelter and NFIs,Shelter and NFIs,INGO,Slovenia
Caritas Slovenia ,Caritas Slovenia ,Slovenia ,75250,75250,0,Operational Support,Operational Support,INGO,Slovenia
WAHA ,WAHA Women and Health Alliance International,Slovenia ,841269,483492,357777,Health and Nutrition,Health and Nutrition,INGO,Slovenia
IOM ,IOM International Organization for Migration,Slovenia ,1500000,750000,750000,Protection,Protection,IOM,Slovenia
IOM ,IOM International Organization for Migration,Slovenia ,600000,300000,300000,Health and Nutrition,Health and Nutrition,IOM,Slovenia
IOM ,IOM International Organization for Migration,Slovenia ,1750000,875000,875000,Shelter and NFIs,Shelter and NFIs,IOM,Slovenia
IOM ,IOM International Organization for Migration,Slovenia ,300000,150000,150000,WASH,WASH,IOM,Slovenia
IOM ,IOM International Organization for Migration,Slovenia ,800000,400000,400000,Logistics and Transport,"Logistics, Transport, Telecommunications",IOM,Slovenia
UNHCR ,UNHCR United Nations High Commissioner for Refugees,Slovenia ,2012930,1006465,1006465,Protection,Protection,UN,Slovenia
UNHCR ,UNHCR United Nations High Commissioner for Refugees,Slovenia ,2683651,1341826,1341826,Shelter and NFIs,Shelter and NFIs,UN,Slovenia
UNHCR ,UNHCR United Nations High Commissioner for Refugees,Slovenia ,729609,364805,364805,Operational Support,Operational Support,UN,Slovenia
